x_0,x_1,x_2,x_3,x_4,y
400.0,5.4,0.1524,71.3,0.00401199,124.121
2500.0,8.9,0.1016,71.3,0.0103088,123.623
2500.0,9.5,0.0254,71.3,0.00420654,135.956
800.0,8.4,0.0508,71.3,0.00529514,127.556
1600.0,12.3,0.1016,55.5,0.0368233,121.824
3150.0,0.0,0.2286,55.5,0.00229336,125.16
315.0,8.9,0.1016,39.6,0.0124596,135.38
250.0,11.2,0.0508,39.6,0.0150478,126.43
250.0,12.3,0.1016,31.7,0.0418756,125.857
1250.0,0.0,0.3048,55.5,0.00283081,126.086
2500.0,0.0,0.3048,71.3,0.00266337,125.571
4000.0,8.9,0.1016,39.6,0.0124596,116.22
200.0,0.0,0.3048,31.7,0.00331266,117.195
200.0,7.3,0.2286,31.7,0.0132672,128.679
12500.0,0.0,0.0254,31.7,0.000439472,128.977
5000.0,0.0,0.0508,31.7,0.000812164,133.23
8000.0,0.0,0.1016,55.5,0.00131983,124.45
1250.0,11.2,0.0508,71.3,0.014072,136.191
2500.0,0.0,0.2286,71.3,0.00214345,128.354
1250.0,0.0,0.3048,39.6,0.00310138,125.499
800.0,5.3,0.2286,39.6,0.00614329,129.491
630.0,15.4,0.0508,31.7,0.0289853,124.685
8000.0,2.0,0.2286,71.3,0.00293031,115.996
2000.0,0.0,0.1016,39.6,0.00146332,133.251
2500.0,3.0,0.3048,55.5,0.00452492,122.439
12500.0,0.0,0.3048,39.6,0.00310138,109.619
4000.0,0.0,0.3048,71.3,0.00266337,123.061
250.0,7.3,0.2286,31.7,0.0132672,130.089
500.0,9.9,0.1524,71.3,0.0193001,131.279
2500.0,0.0,0.0254,31.7,0.000439472,132.897
10000.0,1.5,0.3048,71.3,0.00336729,113.492
400.0,3.0,0.3048,55.5,0.00452492,126.159
800.0,4.0,0.2286,71.3,0.00400603,130.688
2000.0,2.0,0.2286,55.5,0.00313525,124.612
315.0,6.7,0.1016,31.7,0.00592927,126.266
800.0,8.4,0.0508,31.7,0.00580776,128.246
5000.0,0.0,0.3048,71.3,0.00266337,121.301
315.0,5.4,0.1524,39.6,0.00485029,125.347
1250.0,3.0,0.3048,71.3,0.00425727,127.634
800.0,6.7,0.1016,55.5,0.0052139,135.953
5000.0,0.0,0.0508,71.3,0.000740478,134.43
630.0,3.0,0.3048,31.7,0.00529514,128.698
1250.0,0.0,0.2286,71.3,0.00214345,128.144
3150.0,12.3,0.1016,55.5,0.0368233,116.914
315.0,12.7,0.0254,71.3,0.0121808,122.938
630.0,19.7,0.0508,39.6,0.036484,120.324
2500.0,4.0,0.2286,71.3,0.00400603,124.338
1000.0,2.7,0.1524,71.3,0.00243851,128.774
6300.0,5.4,0.1524,55.5,0.00433288,117.287
4000.0,7.2,0.1524,39.6,0.00909175,114.258
2500.0,3.0,0.3048,31.7,0.00529514,119.598
2500.0,15.4,0.0508,39.6,0.0282593,122.413
800.0,0.0,0.1016,39.6,0.00146332,128.401
250.0,19.7,0.0508,39.6,0.036484,127.224
4000.0,0.0,0.1524,31.7,0.00209405,123.807
2000.0,4.2,0.0508,39.6,0.00152689,132.587
6300.0,5.3,0.2286,71.3,0.0051942,116.92
5000.0,7.3,0.2286,31.7,0.0132672,111.029
2000.0,0.0,0.1524,71.3,0.0015988,128.647
800.0,2.0,0.2286,39.6,0.00346574,129.037
630.0,0.0,0.2286,39.6,0.00253511,128.705
1250.0,2.0,0.2286,31.7,0.00372371,128.677
1600.0,2.0,0.2286,71.3,0.00293031,127.796
10000.0,0.0,0.3048,31.7,0.00331266,108.265
3150.0,19.7,0.0508,71.3,0.0341183,116.225
4000.0,12.7,0.0254,39.6,0.0130253,126.537
2500.0,2.0,0.2286,31.7,0.00372371,121.407
6300.0,9.5,0.0254,55.5,0.0043284,124.222
400.0,2.0,0.2286,71.3,0.00293031,125.116
500.0,11.2,0.0508,39.6,0.0150478,131.96
500.0,12.6,0.1524,71.3,0.0483159,121.664
400.0,9.9,0.1524,71.3,0.0193001,135.079
1600.0,3.3,0.1016,39.6,0.00245138,133.071
400.0,9.5,0.0254,55.5,0.0043284,120.952
1250.0,2.7,0.1524,39.6,0.00294804,130.829
250.0,7.3,0.2286,71.3,0.0104404,139.918
3150.0,15.6,0.1016,71.3,0.0437259,116.468
3150.0,4.0,0.2286,71.3,0.00400603,124.108
8000.0,4.8,0.0254,39.6,0.000907475,131.346
1250.0,15.6,0.1016,71.3,0.0437259,123.178
400.0,12.6,0.1524,39.6,0.0584113,115.91
4000.0,0.0,0.0254,39.6,0.000428464,135.346
10000.0,0.0,0.1524,39.6,0.00193287,115.413
2500.0,2.0,0.2286,71.3,0.00293031,127.006
800.0,15.4,0.0508,55.5,0.0271925,130.43
2000.0,0.0,0.0254,55.5,0.00041229,127.623
6300.0,7.3,0.2286,55.5,0.0111706,111.534
2000.0,19.7,0.0508,39.6,0.036484,117.724
1250.0,4.8,0.0254,39.6,0.000907475,125.026
1000.0,4.0,0.2286,55.5,0.0042862,132.134
6300.0,12.3,0.1016,71.3,0.0337792,113.958
1600.0,12.7,0.0254,71.3,0.0121808,134.528
315.0,15.6,0.1016,39.6,0.0528487,122.754
200.0,17.4,0.0254,71.3,0.016104,112.506
3150.0,0.0,0.1524,31.7,0.00209405,124.207
400.0,17.4,0.0254,55.5,0.0165706,115.461
1600.0,15.6,0.1016,71.3,0.0437259,121.528
630.0,7.2,0.1524,39.6,0.00909175,133.198
2000.0,4.8,0.0254,39.6,0.000907475,128.916
3150.0,7.3,0.2286,55.5,0.0111706,117.134
400.0,7.3,0.2286,55.5,0.0111706,135.924
1250.0,7.3,0.2286,39.6,0.0123481,123.189
3150.0,3.3,0.1016,71.3,0.00202822,132.114
1250.0,3.3,0.1016,55.5,0.002211,132.769
6300.0,2.0,0.2286,55.5,0.00313525,118.712
2500.0,15.4,0.0508,55.5,0.0271925,125.63
2500.0,19.7,0.0508,39.6,0.036484,116.184
5000.0,8.9,0.1016,71.3,0.0103088,116.723
2000.0,2.7,0.1524,71.3,0.00243851,130.114
1250.0,5.4,0.1524,31.7,0.00525474,123.991
1250.0,22.2,0.0254,71.3,0.0214178,140.987
5000.0,9.5,0.0254,39.6,0.00449821,125.044
1600.0,22.2,0.0254,71.3,0.0214178,131.817
6300.0,3.3,0.1016,39.6,0.00245138,120.851
8000.0,0.0,0.3048,71.3,0.00266337,117.151
6300.0,0.0,0.1016,39.6,0.00146332,125.631
5000.0,17.4,0.0254,39.6,0.0172206,119.854
630.0,15.4,0.0508,55.5,0.0271925,129.33
6300.0,0.0,0.3048,31.7,0.00331266,113.775
250.0,17.4,0.0254,71.3,0.016104,113.796
3150.0,12.6,0.1524,39.6,0.0584113,106.26
800.0,15.6,0.1016,71.3,0.0437259,124.188
2500.0,3.3,0.1016,39.6,0.00245138,130.791
4000.0,4.0,0.3048,71.3,0.00497773,119.535
1600.0,12.3,0.1016,39.6,0.0408268,117.875
630.0,2.0,0.2286,71.3,0.00293031,127.356
630.0,0.0,0.3048,39.6,0.00310138,128.629
6300.0,4.0,0.2286,31.7,0.00509068,112.699
500.0,12.3,0.1016,31.7,0.0418756,118.667
10000.0,0.0,0.3048,39.6,0.00310138,112.139
630.0,0.0,0.1016,55.5,0.00131983,126.17
500.0,0.0,0.1524,31.7,0.00209405,121.617
800.0,12.3,0.1016,31.7,0.0418756,120.037
800.0,11.2,0.0508,39.6,0.0150478,133.79
4000.0,12.3,0.1016,31.7,0.0418756,108.407
315.0,4.0,0.2286,39.6,0.00473801,122.229
1600.0,8.4,0.0508,39.6,0.00566229,130.965
1000.0,9.9,0.1524,39.6,0.0233328,123.835
250.0,4.0,0.3048,71.3,0.00497773,126.395
1600.0,11.2,0.0508,71.3,0.014072,135.191
3150.0,22.2,0.0254,71.3,0.0214178,124.127
500.0,22.2,0.0254,71.3,0.0214178,117.967
500.0,15.4,0.0508,55.5,0.0271925,127.22
630.0,0.0,0.1016,39.6,0.00146332,125.401
3150.0,9.9,0.1524,71.3,0.0193001,116.849
8000.0,5.3,0.2286,71.3,0.0051942,114.9
2000.0,6.7,0.1016,71.3,0.00478288,134.568
6300.0,3.0,0.3048,39.6,0.00495741,114.042
800.0,19.7,0.0508,39.6,0.036484,119.174
400.0,7.3,0.2286,39.6,0.0123481,132.039
4000.0,0.0,0.0508,71.3,0.000740478,134.43
800.0,0.0,0.0508,71.3,0.000740478,130.96
1600.0,3.0,0.3048,39.6,0.00495741,122.782
1000.0,0.0,0.0508,31.7,0.000812164,126.78
8000.0,5.4,0.1524,55.5,0.00433288,114.927
1250.0,15.4,0.0508,39.6,0.0282593,126.743
2500.0,15.4,0.0508,71.3,0.0264269,127.625
16000.0,0.0,0.0254,31.7,0.000439472,125.627
1250.0,0.0,0.1016,39.6,0.00146332,132.271
400.0,9.9,0.1524,31.7,0.0252785,128.939
1250.0,15.4,0.0508,31.7,0.0289853,123.255
800.0,4.0,0.3048,39.6,0.00579636,130.723
2500.0,0.0,0.1016,39.6,0.00146332,132.611
1600.0,9.5,0.0254,39.6,0.00449821,131.184
1250.0,5.3,0.2286,39.6,0.00614329,125.721
1000.0,4.8,0.0254,39.6,0.000907475,122.956
800.0,7.3,0.2286,31.7,0.0132672,123.209
5000.0,5.4,0.1524,31.7,0.00525474,115.691
6300.0,0.0,0.1524,31.7,0.00209405,119.737
5000.0,15.4,0.0508,71.3,0.0264269,119.135
10000.0,12.7,0.0254,71.3,0.0121808,114.418
315.0,12.3,0.1016,55.5,0.0368233,135.674
1250.0,12.3,0.1016,31.7,0.0418756,118.767
250.0,8.9,0.1016,71.3,0.0103088,134.533
4000.0,4.8,0.0254,39.6,0.000907475,134.996
3150.0,17.4,0.0254,39.6,0.0172206,123.564
10000.0,4.2,0.0508,71.3,0.00142788,121.238
3150.0,0.0,0.1016,31.7,0.00150092,129.973
1250.0,8.4,0.0508,39.6,0.00566229,131.205
1000.0,0.0,0.0254,31.7,0.000439472,125.127
8000.0,0.0,0.0508,39.6,0.000791822,128.518
315.0,15.4,0.0508,39.6,0.0282593,124.493
630.0,5.4,0.1524,31.7,0.00525474,131.471
16000.0,0.0,0.2286,71.3,0.00214345,114.984
5000.0,4.0,0.3048,39.6,0.00579636,113.733
3150.0,12.3,0.1016,71.3,0.0337792,120.798
6300.0,0.0,0.1524,55.5,0.00172668,123.303
4000.0,12.7,0.0254,71.3,0.0121808,131.808
12500.0,4.0,0.3048,71.3,0.00497773,107.405
5000.0,3.3,0.1016,71.3,0.00202822,127.054
630.0,11.2,0.0508,71.3,0.014072,133.611
5000.0,4.8,0.0254,31.7,0.000930789,135.248
1600.0,3.3,0.1016,71.3,0.00202822,133.664
10000.0,0.0,0.0508,31.7,0.000812164,122.45
6300.0,3.0,0.3048,71.3,0.00425727,116.134
1600.0,5.4,0.1524,31.7,0.00525474,123.761
1600.0,19.7,0.0508,71.3,0.0341183,120.575
5000.0,0.0,0.1524,55.5,0.00172668,125.203
1600.0,0.0,0.0508,55.5,0.00076193,128.576
4000.0,0.0,0.0254,71.3,0.000400682,138.557
2000.0,4.0,0.2286,31.7,0.00509068,122.089
400.0,19.7,0.0508,71.3,0.0341183,123.865
2000.0,1.5,0.3048,39.6,0.00392107,122.101
3150.0,12.7,0.0254,39.6,0.0130253,127.847
4000.0,4.2,0.0508,39.6,0.00152689,131.807
5000.0,0.0,0.0508,55.5,0.00076193,134.556
4000.0,0.0,0.2286,55.5,0.00229336,123.41
4000.0,0.0,0.2286,71.3,0.00214345,125.824
1000.0,8.4,0.0508,31.7,0.00580776,129.516
1600.0,0.0,0.2286,31.7,0.0027238,125.625
630.0,0.0,0.1524,55.5,0.00172668,123.583
1000.0,3.0,0.3048,39.6,0.00495741,128.312
500.0,9.9,0.1524,39.6,0.0233328,126.835
400.0,5.4,0.1524,31.7,0.00525474,127.781
500.0,11.2,0.0508,71.3,0.014072,130.311
2500.0,8.4,0.0508,71.3,0.00529514,134.226
1000.0,6.7,0.1016,71.3,0.00478288,136.758
1250.0,0.0,0.0508,71.3,0.000740478,128.56
3150.0,4.8,0.0254,71.3,0.000848633,133.378
8000.0,4.0,0.2286,55.5,0.0042862,112.524
6300.0,15.4,0.0508,55.5,0.0271925,112.93
2500.0,9.9,0.1524,31.7,0.0252785,114.729
6300.0,1.5,0.3048,71.3,0.00336729,118.122
12500.0,0.0,0.1016,71.3,0.00121072,119.375
200.0,7.3,0.2286,55.5,0.0111706,135.234
1000.0,3.3,0.1016,31.7,0.00251435,133.012
630.0,0.0,0.1524,31.7,0.00209405,125.997
630.0,3.0,0.3048,55.5,0.00452492,129.569
3150.0,0.0,0.2286,31.7,0.0027238,123.445
1250.0,3.3,0.1016,39.6,0.00245138,133.211
500.0,19.7,0.0508,39.6,0.036484,128.444
4000.0,11.2,0.0508,71.3,0.014072,122.471
10000.0,3.0,0.3048,55.5,0.00452492,112.169
1250.0,8.9,0.1016,39.6,0.0124596,127.71
3150.0,0.0,0.3048,31.7,0.00331266,119.135
400.0,9.9,0.1524,55.5,0.0208438,131.605
3150.0,7.3,0.2286,71.3,0.0104404,120.458
500.0,3.0,0.3048,39.6,0.00495741,127.632
800.0,0.0,0.3048,71.3,0.00266337,126.201
2000.0,3.0,0.3048,31.7,0.00529514,120.088
315.0,0.0,0.3048,31.7,0.00331266,122.765
400.0,0.0,0.3048,39.6,0.00310138,124.809
1000.0,7.3,0.2286,31.7,0.0132672,119.099
5000.0,0.0,0.2286,55.5,0.00229336,122.41
1600.0,17.4,0.0254,39.6,0.0172206,127.614
1600.0,12.3,0.1016,71.3,0.0337792,124.748
10000.0,0.0,0.1524,71.3,0.0015988,120.247
250.0,15.6,0.1016,39.6,0.0528487,124.644
630.0,6.7,0.1016,31.7,0.00592927,132.116
2500.0,4.8,0.0254,71.3,0.000848633,130.828
10000.0,4.0,0.2286,71.3,0.00400603,113.108
3150.0,8.9,0.1016,71.3,0.0103088,123.263
1250.0,4.0,0.2286,71.3,0.00400603,131.718
315.0,17.4,0.0254,71.3,0.016104,115.846
200.0,12.6,0.1524,39.6,0.0584113,114.75
5000.0,3.0,0.3048,39.6,0.00495741,115.792
5000.0,0.0,0.1016,71.3,0.00121072,130.795
800.0,0.0,0.1016,31.7,0.00150092,129.053
1250.0,6.7,0.1016,55.5,0.0052139,136.883
2500.0,6.7,0.1016,71.3,0.00478288,131.458
2500.0,12.7,0.0254,39.6,0.0130253,129.027
1600.0,2.0,0.2286,39.6,0.00346574,125.837
4000.0,2.0,0.2286,55.5,0.00313525,122.232
500.0,4.0,0.3048,71.3,0.00497773,130.715
1600.0,9.5,0.0254,55.5,0.0043284,133.062
6300.0,22.2,0.0254,71.3,0.0214178,123.127
1600.0,15.4,0.0508,31.7,0.0289853,121.485
5000.0,8.4,0.0508,55.5,0.00544854,115.812
1250.0,17.4,0.0254,39.6,0.0172206,131.364
630.0,17.4,0.0254,39.6,0.0172206,124.514
20000.0,4.8,0.0254,71.3,0.000848633,119.708
630.0,2.0,0.2286,31.7,0.00372371,129.057
4000.0,2.0,0.2286,39.6,0.00346574,120.227
800.0,1.5,0.3048,71.3,0.00336729,127.122
5000.0,4.2,0.0508,39.6,0.00152689,129.777
500.0,2.0,0.2286,31.7,0.00372371,126.677
1250.0,9.9,0.1524,39.6,0.0233328,120.555
800.0,8.9,0.1016,71.3,0.0103088,137.813
10000.0,3.0,0.3048,71.3,0.00425727,110.224
8000.0,0.0,0.1016,71.3,0.00121072,125.465
1000.0,5.4,0.1524,71.3,0.00401199,133.201
3150.0,4.8,0.0254,55.5,0.000873218,132.354
8000.0,0.0,0.0508,55.5,0.00076193,130.156
6300.0,9.5,0.0254,39.6,0.00449821,120.324
800.0,0.0,0.2286,31.7,0.0027238,130.725
800.0,5.4,0.1524,55.5,0.00433288,133.097
4000.0,0.0,0.0254,55.5,0.00041229,133.223
2000.0,3.3,0.1016,31.7,0.00251435,131.642
1600.0,0.0,0.3048,55.5,0.00283081,126.986
1000.0,4.2,0.0508,39.6,0.00152689,125.647
500.0,8.9,0.1016,39.6,0.0124596,133.79
6300.0,5.4,0.1524,71.3,0.00401199,116.411
2500.0,0.0,0.0254,39.6,0.000428464,131.836
2000.0,2.0,0.2286,31.7,0.00372371,123.037
1250.0,2.0,0.2286,71.3,0.00293031,128.816
1250.0,9.5,0.0254,71.3,0.00420654,131.656
250.0,0.0,0.3048,39.6,0.00310138,119.319
2500.0,7.2,0.1524,71.3,0.00752039,124.353
630.0,3.0,0.3048,71.3,0.00425727,129.354
10000.0,0.0,0.1016,39.6,0.00146332,119.561
5000.0,22.2,0.0254,71.3,0.0214178,125.727
1250.0,3.0,0.3048,55.5,0.00452492,127.329
10000.0,0.0,0.1016,71.3,0.00121072,123.305
2000.0,0.0,0.1016,55.5,0.00131983,132.54
5000.0,2.0,0.2286,31.7,0.00372371,118.267
2000.0,12.3,0.1016,71.3,0.0337792,122.218
6300.0,4.8,0.0254,31.7,0.000930789,132.898
2000.0,4.8,0.0254,71.3,0.000848633,128.398
630.0,0.0,0.1016,31.7,0.00150092,126.413
1600.0,0.0,0.3048,71.3,0.00266337,127.591
2500.0,6.7,0.1016,55.5,0.0052139,124.273
12500.0,0.0,0.0508,31.7,0.000812164,119.07
2000.0,0.0,0.3048,31.7,0.00331266,122.375
630.0,0.0,0.2286,31.7,0.0027238,129.465
5000.0,2.0,0.2286,71.3,0.00293031,122.816
500.0,5.4,0.1524,55.5,0.00433288,129.367
800.0,0.0,0.3048,39.6,0.00310138,129.099
6300.0,15.4,0.0508,71.3,0.0264269,115.215
2500.0,0.0,0.0254,55.5,0.00041229,130.073
4000.0,0.0,0.1016,55.5,0.00131983,129.5
2500.0,0.0,0.0508,55.5,0.00076193,133.956
800.0,9.9,0.1524,31.7,0.0252785,125.539
12500.0,0.0,0.0508,71.3,0.000740478,125.22
1250.0,8.9,0.1016,71.3,0.0103088,132.793
20000.0,4.8,0.0254,55.5,0.000873218,121.284
1600.0,15.4,0.0508,71.3,0.0264269,130.065
1600.0,3.3,0.1016,55.5,0.002211,133.649
500.0,8.9,0.1016,71.3,0.0103088,138.523
315.0,12.3,0.1016,39.6,0.0408268,129.415
6300.0,0.0,0.0254,31.7,0.000439472,138.537
12500.0,4.2,0.0508,71.3,0.00142788,117.328
630.0,15.6,0.1016,39.6,0.0528487,118.084
2000.0,11.2,0.0508,39.6,0.0150478,124.42
800.0,15.4,0.0508,71.3,0.0264269,131.515
200.0,19.7,0.0508,39.6,0.036484,125.974
8000.0,22.2,0.0254,71.3,0.0214178,121.657
4000.0,3.3,0.1016,55.5,0.002211,127.229
2000.0,15.4,0.0508,39.6,0.0282593,123.443
10000.0,5.3,0.2286,71.3,0.0051942,111.35
2500.0,5.3,0.2286,71.3,0.0051942,123.74
630.0,12.3,0.1016,71.3,0.0337792,135.368
630.0,5.4,0.1524,71.3,0.00401199,128.971
315.0,2.0,0.2286,31.7,0.00372371,120.147
1250.0,7.3,0.2286,31.7,0.0132672,120.509
2000.0,9.9,0.1524,71.3,0.0193001,120.779
4000.0,8.4,0.0508,55.5,0.00544854,122.612
250.0,7.3,0.2286,39.6,0.0123481,131.889
200.0,9.9,0.1524,39.6,0.0233328,127.315
2000.0,3.3,0.1016,71.3,0.00202822,134.034
1600.0,5.3,0.2286,39.6,0.00614329,123.081
250.0,4.0,0.2286,31.7,0.00509068,120.189
3150.0,9.9,0.1524,31.7,0.0252785,112.209
400.0,4.0,0.3048,71.3,0.00497773,129.575
4000.0,4.0,0.2286,31.7,0.00509068,118.859
400.0,12.6,0.1524,71.3,0.0483159,127.094
800.0,0.0,0.1016,55.5,0.00131983,127.92
3150.0,0.0,0.1524,71.3,0.0015988,129.377
3150.0,7.2,0.1524,39.6,0.00909175,111.818
1250.0,0.0,0.2286,31.7,0.0027238,128.805
6300.0,0.0,0.0508,71.3,0.000740478,133.04
2500.0,15.6,0.1016,39.6,0.0528487,110.264
250.0,4.0,0.3048,39.6,0.00579636,123.543
5000.0,3.0,0.3048,71.3,0.00425727,118.134
500.0,12.3,0.1016,39.6,0.0408268,122.205
6300.0,4.8,0.0254,39.6,0.000907475,134.336
500.0,17.4,0.0254,55.5,0.0165706,119.621
20000.0,4.0,0.2286,71.3,0.00400603,109.638
2500.0,9.9,0.1524,55.5,0.0208438,118.365
1000.0,9.5,0.0254,39.6,0.00449821,130.374
500.0,8.4,0.0508,31.7,0.00580776,122.966
630.0,6.7,0.1016,55.5,0.0052139,133.023
1600.0,1.5,0.3048,71.3,0.00336729,126.632
5000.0,15.4,0.0508,31.7,0.0289853,112.355
630.0,12.3,0.1016,31.7,0.0418756,119.287
3150.0,0.0,0.3048,55.5,0.00283081,123.236
10000.0,4.8,0.0254,71.3,0.000848633,127.398
800.0,9.5,0.0254,55.5,0.0043284,128.082
500.0,4.0,0.3048,39.6,0.00579636,130.173
10000.0,3.3,0.1016,55.5,0.002211,115.659
630.0,4.0,0.2286,31.7,0.00509068,130.349
1000.0,0.0,0.0508,71.3,0.000740478,129.45
630.0,12.6,0.1524,71.3,0.0483159,123.304
5000.0,15.4,0.0508,55.5,0.0271925,117.11
315.0,19.7,0.0508,71.3,0.0341183,121.235
630.0,9.5,0.0254,39.6,0.00449821,126.514
2000.0,0.0,0.2286,71.3,0.00214345,128.244
10000.0,4.8,0.0254,55.5,0.000873218,126.944
5000.0,4.8,0.0254,71.3,0.000848633,135.468
250.0,0.0,0.3048,31.7,0.00331266,118.595
315.0,15.4,0.0508,31.7,0.0289853,122.845
10000.0,0.0,0.0254,31.7,0.000439472,134.227
6300.0,0.0,0.1524,39.6,0.00193287,121.313
400.0,15.6,0.1016,71.3,0.0437259,134.058
1600.0,3.3,0.1016,31.7,0.00251435,133.402
8000.0,0.0,0.1524,55.5,0.00172668,121.903
12500.0,0.0,0.0508,55.5,0.00076193,125.376
4000.0,0.0,0.3048,31.7,0.00331266,118.145
315.0,7.3,0.2286,31.7,0.0132672,130.239
1000.0,0.0,0.2286,55.5,0.00229336,128.29
4000.0,0.0,0.0508,39.6,0.000791822,135.308
800.0,3.3,0.1016,31.7,0.00251435,131.362
250.0,7.3,0.2286,55.5,0.0111706,136.384
1000.0,3.0,0.3048,31.7,0.00529514,126.838
2500.0,4.8,0.0254,55.5,0.000873218,129.144
1600.0,4.0,0.2286,39.6,0.00473801,125.319
400.0,7.3,0.2286,71.3,0.0104404,139.438
3150.0,8.9,0.1016,39.6,0.0124596,119.35
2000.0,4.0,0.2286,39.6,0.00473801,121.659
1250.0,5.3,0.2286,71.3,0.0051942,133.38
6300.0,12.6,0.1524,39.6,0.0584113,103.38
1000.0,17.4,0.0254,31.7,0.0176631,131.796
1600.0,6.7,0.1016,39.6,0.00578076,127.375
3150.0,2.0,0.2286,55.5,0.00313525,123.742
3150.0,8.4,0.0508,31.7,0.00580776,122.086
1000.0,6.7,0.1016,55.5,0.0052139,137.233
1600.0,0.0,0.1524,39.6,0.00193287,131.013
315.0,17.4,0.0254,31.7,0.0176631,118.416
16000.0,0.0,0.1524,71.3,0.0015988,113.297
630.0,9.9,0.1524,39.6,0.0233328,126.465
1250.0,15.4,0.0508,71.3,0.0264269,130.845
500.0,7.2,0.1524,39.6,0.00909175,132.658
1000.0,9.9,0.1524,31.7,0.0252785,122.149
800.0,0.0,0.1524,39.6,0.00193287,127.903
2500.0,3.3,0.1016,71.3,0.00202822,133.894
6300.0,7.2,0.1524,71.3,0.00752039,116.603
1600.0,12.6,0.1524,39.6,0.0584113,110.78
2500.0,2.0,0.2286,39.6,0.00346574,121.397
400.0,9.9,0.1524,39.6,0.0233328,128.345
6300.0,4.2,0.0508,39.6,0.00152689,125.717
1600.0,17.4,0.0254,31.7,0.0176631,126.846
1600.0,3.0,0.3048,71.3,0.00425727,126.514
800.0,7.3,0.2286,55.5,0.0111706,128.444
630.0,4.8,0.0254,39.6,0.000907475,118.696
250.0,15.4,0.0508,55.5,0.0271925,124.17
200.0,12.3,0.1016,31.7,0.0418756,124.987
2000.0,9.9,0.1524,31.7,0.0252785,116.859
2000.0,7.3,0.2286,71.3,0.0104404,122.708
1000.0,3.3,0.1016,71.3,0.00202822,131.434
315.0,4.0,0.2286,31.7,0.00509068,123.609
6300.0,0.0,0.2286,71.3,0.00214345,122.044
5000.0,5.3,0.2286,39.6,0.00614329,115.311
3150.0,0.0,0.0508,71.3,0.000740478,135.07
2500.0,0.0,0.3048,39.6,0.00310138,121.399
1250.0,7.2,0.1524,39.6,0.00909175,122.428
500.0,19.7,0.0508,71.3,0.0341183,126.995
400.0,5.3,0.2286,71.3,0.0051942,127.7
500.0,0.0,0.3048,39.6,0.00310138,126.959
12500.0,0.0,0.1524,71.3,0.0015988,117.087
3150.0,0.0,0.1016,39.6,0.00146332,130.961
315.0,0.0,0.2286,39.6,0.00253511,121.055
315.0,19.7,0.0508,39.6,0.036484,129.864
5000.0,4.0,0.3048,71.3,0.00497773,117.785
315.0,9.5,0.0254,39.6,0.00449821,119.294
315.0,4.0,0.3048,39.6,0.00579636,126.843
3150.0,11.2,0.0508,71.3,0.014072,127.141
1000.0,15.4,0.0508,39.6,0.0282593,127.893
3150.0,15.4,0.0508,39.6,0.0282593,120.513
1000.0,17.4,0.0254,39.6,0.0172206,138.274
800.0,12.7,0.0254,39.6,0.0130253,130.217
1600.0,0.0,0.0254,39.6,0.000428464,124.156
8000.0,4.0,0.3048,71.3,0.00497773,113.665
250.0,12.6,0.1524,71.3,0.0483159,129.744
200.0,9.5,0.0254,39.6,0.00449821,116.074
8000.0,0.0,0.1524,71.3,0.0015988,122.527
1250.0,0.0,0.1524,55.5,0.00172668,129.953
4000.0,2.0,0.2286,31.7,0.00372371,120.527
500.0,12.7,0.0254,71.3,0.0121808,126.898
500.0,7.3,0.2286,71.3,0.0104404,136.798
400.0,15.4,0.0508,39.6,0.0282593,125.353
1000.0,12.7,0.0254,71.3,0.0121808,131.698
6300.0,3.3,0.1016,55.5,0.002211,123.839
1250.0,3.3,0.1016,31.7,0.00251435,134.022
8000.0,0.0,0.0508,31.7,0.000812164,126.59
500.0,15.4,0.0508,31.7,0.0289853,123.695
1250.0,9.9,0.1524,71.3,0.0193001,122.679
1000.0,0.0,0.1016,55.5,0.00131983,129.8
1000.0,2.0,0.2286,55.5,0.00313525,129.002
3150.0,17.4,0.0254,55.5,0.0165706,124.101
1000.0,4.0,0.2286,31.7,0.00509068,129.869
800.0,9.5,0.0254,39.6,0.00449821,129.014
200.0,17.4,0.0254,39.6,0.0172206,114.044
630.0,7.3,0.2286,31.7,0.0132672,126.189
3150.0,0.0,0.1524,55.5,0.00172668,127.753
16000.0,2.7,0.1524,71.3,0.00243851,110.364
500.0,1.5,0.3048,39.6,0.00392107,126.661
1250.0,0.0,0.1524,31.7,0.00209405,131.467
2000.0,7.2,0.1524,39.6,0.00909175,120.228
400.0,3.0,0.3048,71.3,0.00425727,127.564
500.0,22.2,0.0254,39.6,0.0229028,129.776
8000.0,4.8,0.0254,71.3,0.000848633,131.518
315.0,7.2,0.1524,39.6,0.00909175,130.558
400.0,12.3,0.1016,55.5,0.0368233,136.414
1000.0,12.3,0.1016,39.6,0.0408268,122.435
12500.0,0.0,0.2286,71.3,0.00214345,117.624
2500.0,3.3,0.1016,55.5,0.002211,132.889
6300.0,0.0,0.1016,31.7,0.00150092,124.253
8000.0,3.0,0.3048,71.3,0.00425727,114.634
3150.0,0.0,0.1016,71.3,0.00121072,131.955
5000.0,0.0,0.1524,31.7,0.00209405,122.397
1000.0,4.8,0.0254,31.7,0.000930789,125.348
1600.0,4.0,0.2286,31.7,0.00509068,125.229
6300.0,3.3,0.1016,31.7,0.00251435,120.702
500.0,4.0,0.2286,71.3,0.00400603,126.758
2000.0,15.4,0.0508,71.3,0.0264269,129.285
3150.0,15.4,0.0508,55.5,0.0271925,123.46
2500.0,0.0,0.0508,39.6,0.000791822,134.938
1000.0,7.3,0.2286,55.5,0.0111706,125.194
1000.0,0.0,0.2286,31.7,0.0027238,130.595
2500.0,0.0,0.0508,71.3,0.000740478,131.31
3150.0,0.0,0.3048,71.3,0.00266337,125.201
10000.0,0.0,0.0508,39.6,0.000791822,125.998
2500.0,7.3,0.2286,71.3,0.0104404,122.088
2000.0,15.4,0.0508,55.5,0.0271925,127.04
3150.0,17.4,0.0254,31.7,0.0176631,123.466
5000.0,0.0,0.3048,39.6,0.00310138,117.789
1000.0,9.9,0.1524,55.5,0.0208438,124.665
630.0,19.7,0.0508,71.3,0.0341183,128.365
10000.0,2.7,0.1524,71.3,0.00243851,116.724
6300.0,4.0,0.2286,55.5,0.0042862,117.154
500.0,3.0,0.3048,31.7,0.00529514,127.548
8000.0,0.0,0.1016,39.6,0.00146332,122.341
2500.0,0.0,0.2286,55.5,0.00229336,126.54
2500.0,4.8,0.0254,31.7,0.000930789,132.588
2500.0,4.8,0.0254,39.6,0.000907475,131.236
315.0,7.3,0.2286,55.5,0.0111706,136.284
1600.0,0.0,0.1016,31.7,0.00150092,133.553
1000.0,0.0,0.0508,39.6,0.000791822,127.638
3150.0,9.5,0.0254,39.6,0.00449821,129.934
1000.0,9.5,0.0254,31.7,0.00461377,131.346
4000.0,0.0,0.2286,39.6,0.00253511,123.465
1600.0,4.0,0.2286,71.3,0.00400603,129.468
6300.0,0.0,0.1524,71.3,0.0015988,125.427
2000.0,12.6,0.1524,71.3,0.0483159,117.504
630.0,12.3,0.1016,39.6,0.0408268,121.315
3150.0,17.4,0.0254,71.3,0.016104,126.536
250.0,17.4,0.0254,55.5,0.0165706,110.491
800.0,0.0,0.3048,31.7,0.00331266,129.235
2000.0,4.0,0.3048,71.3,0.00497773,124.395
630.0,3.3,0.1016,31.7,0.00251435,128.952
1000.0,3.3,0.1016,39.6,0.00245138,131.971
800.0,3.0,0.3048,71.3,0.00425727,129.494
6300.0,12.3,0.1016,55.5,0.0368233,110.124
1250.0,4.8,0.0254,31.7,0.000930789,127.408
5000.0,7.2,0.1524,71.3,0.00752039,118.343
400.0,6.7,0.1016,31.7,0.00592927,128.296
4000.0,15.6,0.1016,39.6,0.0528487,106.604
1600.0,9.9,0.1524,55.5,0.0208438,119.875
1250.0,6.7,0.1016,31.7,0.00592927,129.256
315.0,5.4,0.1524,31.7,0.00525474,125.741
2500.0,0.0,0.1016,31.7,0.00150092,132.003
5000.0,0.0,0.0254,31.7,0.000439472,138.607
2500.0,15.6,0.1016,71.3,0.0437259,118.998
630.0,0.0,0.3048,55.5,0.00283081,127.696
12500.0,0.0,0.3048,71.3,0.00266337,112.241
2500.0,5.4,0.1524,39.6,0.00485029,120.497
2500.0,7.3,0.2286,31.7,0.0132672,114.709
1250.0,6.7,0.1016,71.3,0.00478288,137.658
500.0,0.0,0.2286,31.7,0.0027238,126.675
2500.0,19.7,0.0508,71.3,0.0341183,118.385
2000.0,0.0,0.0254,39.6,0.000428464,130.026
6300.0,2.0,0.2286,39.6,0.00346574,116.417
400.0,2.0,0.2286,39.6,0.00346574,122.147
2000.0,3.0,0.3048,39.6,0.00495741,120.532
2000.0,5.4,0.1524,31.7,0.00525474,122.771
5000.0,0.0,0.0254,71.3,0.000400682,136.837
4000.0,5.4,0.1524,55.5,0.00433288,119.737
5000.0,2.0,0.2286,55.5,0.00313525,120.472
2500.0,11.2,0.0508,39.6,0.0150478,122.17
2500.0,9.9,0.1524,71.3,0.0193001,119.639
800.0,4.0,0.3048,71.3,0.00497773,131.755
6300.0,9.9,0.1524,71.3,0.0193001,112.039
5000.0,2.7,0.1524,71.3,0.00243851,124.364
200.0,11.2,0.0508,71.3,0.014072,125.941
4000.0,12.6,0.1524,39.6,0.0584113,104.5
2500.0,0.0,0.2286,39.6,0.00253511,125.025
250.0,15.6,0.1016,71.3,0.0437259,132.158
630.0,7.3,0.2286,71.3,0.0104404,133.768
6300.0,5.4,0.1524,39.6,0.00485029,116.677
1250.0,0.0,0.1524,39.6,0.00193287,131.023
3150.0,0.0,0.1524,39.6,0.00193287,125.603
2500.0,8.4,0.0508,55.5,0.00544854,131.542
2500.0,3.3,0.1016,31.7,0.00251435,130.392
1600.0,4.8,0.0254,31.7,0.000930789,128.718
3150.0,12.7,0.0254,71.3,0.0121808,133.758
1600.0,5.4,0.1524,39.6,0.00485029,126.267
630.0,5.4,0.1524,55.5,0.00433288,131.807
1000.0,8.4,0.0508,71.3,0.00529514,129.946
4000.0,17.4,0.0254,39.6,0.0172206,122.724
1000.0,1.5,0.3048,71.3,0.00336729,125.992
10000.0,3.3,0.1016,71.3,0.00202822,116.694
8000.0,0.0,0.0254,31.7,0.000439472,137.207
2500.0,4.0,0.2286,31.7,0.00509068,120.209
500.0,7.3,0.2286,31.7,0.0132672,128.169
800.0,7.2,0.1524,39.6,0.00909175,132.358
500.0,4.8,0.0254,39.6,0.000907475,116.366
500.0,17.4,0.0254,71.3,0.016104,119.806
4000.0,9.5,0.0254,55.5,0.0043284,131.582
4000.0,1.5,0.3048,39.6,0.00392107,117.741
315.0,9.9,0.1524,55.5,0.0208438,132.355
315.0,9.5,0.0254,31.7,0.00461377,122.766
800.0,4.8,0.0254,31.7,0.000930789,122.648
1000.0,4.0,0.3048,39.6,0.00579636,128.723
10000.0,12.7,0.0254,39.6,0.0130253,116.017
4000.0,9.9,0.1524,55.5,0.0208438,112.945
500.0,3.0,0.3048,71.3,0.00425727,128.454
315.0,7.3,0.2286,71.3,0.0104404,139.808
630.0,7.2,0.1524,71.3,0.00752039,134.853
6300.0,0.0,0.1016,71.3,0.00121072,129.395
2000.0,17.4,0.0254,39.6,0.0172206,126.644
200.0,15.4,0.0508,39.6,0.0282593,121.783
3150.0,5.4,0.1524,39.6,0.00485029,119.137
1250.0,5.4,0.1524,39.6,0.00485029,127.117
4000.0,15.4,0.0508,39.6,0.0282593,118.113
5000.0,8.4,0.0508,71.3,0.00529514,121.146
1000.0,12.7,0.0254,39.6,0.0130253,130.947
20000.0,0.0,0.2286,71.3,0.00214345,114.474
800.0,12.7,0.0254,71.3,0.0121808,130.348
16000.0,1.5,0.3048,71.3,0.00336729,106.582
4000.0,4.8,0.0254,55.5,0.000873218,133.924
4000.0,8.9,0.1016,71.3,0.0103088,120.243
5000.0,5.4,0.1524,55.5,0.00433288,118.757
315.0,9.9,0.1524,39.6,0.0233328,128.595
5000.0,3.3,0.1016,39.6,0.00245138,122.371
500.0,15.6,0.1016,71.3,0.0437259,130.638
6300.0,3.3,0.1016,71.3,0.00202822,124.904
630.0,7.3,0.2286,39.6,0.0123481,128.929
630.0,9.9,0.1524,31.7,0.0252785,126.049
800.0,4.0,0.2286,55.5,0.0042862,131.864
3150.0,15.4,0.0508,31.7,0.0289853,118.045
500.0,7.2,0.1524,71.3,0.00752039,132.043
5000.0,3.3,0.1016,31.7,0.00251435,122.082
1600.0,5.3,0.2286,71.3,0.0051942,130.46
3150.0,5.4,0.1524,55.5,0.00433288,121.587
10000.0,4.2,0.0508,39.6,0.00152689,116.967
400.0,6.7,0.1016,39.6,0.00578076,128.295
500.0,0.0,0.1524,55.5,0.00172668,120.573
5000.0,9.5,0.0254,71.3,0.00420654,131.186
2000.0,9.5,0.0254,71.3,0.00420654,134.976
6300.0,0.0,0.2286,39.6,0.00253511,117.465
1000.0,0.0,0.1524,55.5,0.00172668,128.583
2000.0,2.0,0.2286,71.3,0.00293031,126.896
2000.0,0.0,0.1524,39.6,0.00193287,129.633
8000.0,1.5,0.3048,71.3,0.00336729,115.372
1600.0,7.3,0.2286,31.7,0.0132672,119.039
6300.0,4.0,0.3048,71.3,0.00497773,116.165
8000.0,0.0,0.1016,31.7,0.00150092,120.193
3150.0,1.5,0.3048,71.3,0.00336729,123.392
8000.0,0.0,0.2286,71.3,0.00214345,118.024
4000.0,7.3,0.2286,39.6,0.0123481,114.079
800.0,0.0,0.2286,55.5,0.00229336,127.53
2000.0,12.3,0.1016,31.7,0.0418756,110.447
800.0,7.3,0.2286,71.3,0.0104404,130.748
315.0,12.3,0.1016,31.7,0.0418756,124.717
1000.0,11.2,0.0508,71.3,0.014072,136.941
2500.0,5.4,0.1524,71.3,0.00401199,127.591
1000.0,12.3,0.1016,71.3,0.0337792,127.928
2500.0,12.6,0.1524,39.6,0.0584113,106.88
2500.0,8.4,0.0508,39.6,0.00566229,127.465
3150.0,0.0,0.0254,31.7,0.000439472,135.227
800.0,7.3,0.2286,39.6,0.0123481,126.299
4000.0,9.9,0.1524,31.7,0.0252785,111.459
6300.0,9.5,0.0254,31.7,0.00461377,120.726
6300.0,17.4,0.0254,71.3,0.016104,119.916
1250.0,4.0,0.2286,55.5,0.0042862,131.264
1000.0,8.9,0.1016,71.3,0.0103088,135.433
315.0,0.0,0.2286,55.5,0.00229336,119.54
2500.0,7.3,0.2286,55.5,0.0111706,118.994
2000.0,15.6,0.1016,71.3,0.0437259,119.888
2000.0,4.0,0.3048,39.6,0.00579636,120.963
10000.0,0.0,0.0254,71.3,0.000400682,130.787
2000.0,8.4,0.0508,31.7,0.00580776,127.686
10000.0,0.0,0.0254,55.5,0.00041229,134.563
630.0,0.0,0.1524,39.6,0.00193287,124.403
3150.0,5.3,0.2286,71.3,0.0051942,123.12
3150.0,9.9,0.1524,39.6,0.0233328,113.525
10000.0,0.0,0.2286,71.3,0.00214345,118.134
1250.0,0.0,0.3048,31.7,0.00331266,124.355
20000.0,0.0,0.0254,55.5,0.00041229,121.933
500.0,0.0,0.3048,55.5,0.00283081,126.416
800.0,9.9,0.1524,71.3,0.0193001,128.879
4000.0,19.7,0.0508,71.3,0.0341183,113.045
1000.0,0.0,0.1524,39.6,0.00193287,130.033
1000.0,6.7,0.1016,31.7,0.00592927,131.636
5000.0,1.5,0.3048,71.3,0.00336729,119.632
4000.0,3.0,0.3048,31.7,0.00529514,115.608
2000.0,22.2,0.0254,71.3,0.0214178,127.197
3150.0,4.0,0.2286,31.7,0.00509068,120.229
1600.0,6.7,0.1016,55.5,0.0052139,133.653
3150.0,7.3,0.2286,31.7,0.0132672,113.229
800.0,1.5,0.3048,39.6,0.00392107,128.831
10000.0,0.0,0.1524,55.5,0.00172668,119.253
3150.0,3.0,0.3048,71.3,0.00425727,121.514
1600.0,6.7,0.1016,31.7,0.00592927,124.346
5000.0,0.0,0.1016,39.6,0.00146332,126.021
500.0,15.6,0.1016,39.6,0.0528487,115.304
1600.0,4.0,0.3048,71.3,0.00497773,126.645
6300.0,5.4,0.1524,31.7,0.00525474,115.591
5000.0,1.5,0.3048,39.6,0.00392107,116.241
200.0,15.6,0.1016,39.6,0.0528487,123.514
800.0,6.7,0.1016,31.7,0.00592927,132.886
10000.0,4.8,0.0254,39.6,0.000907475,126.066
4000.0,4.0,0.2286,55.5,0.0042862,120.654
2000.0,15.6,0.1016,39.6,0.0528487,110.894
1000.0,15.6,0.1016,71.3,0.0437259,124.438
200.0,8.9,0.1016,71.3,0.0103088,133.503
2000.0,4.8,0.0254,31.7,0.000930789,130.148
1600.0,4.0,0.3048,39.6,0.00579636,123.213
3150.0,0.0,0.0508,39.6,0.000791822,135.938
800.0,11.2,0.0508,71.3,0.014072,136.031
16000.0,0.0,0.0254,39.6,0.000428464,124.986
1000.0,5.4,0.1524,31.7,0.00525474,128.241
6300.0,0.0,0.0254,71.3,0.000400682,134.987
1000.0,5.4,0.1524,55.5,0.00433288,132.127
1250.0,19.7,0.0508,71.3,0.0341183,121.485
2000.0,0.0,0.2286,55.5,0.00229336,126.54
500.0,2.0,0.2286,39.6,0.00346574,125.157
800.0,22.2,0.0254,39.6,0.0229028,137.076
400.0,22.2,0.0254,71.3,0.0214178,117.927
3150.0,5.4,0.1524,71.3,0.00401199,123.311
315.0,15.6,0.1016,71.3,0.0437259,133.808
630.0,2.7,0.1524,71.3,0.00243851,127.404
800.0,12.3,0.1016,55.5,0.0368233,125.114
2500.0,4.0,0.3048,71.3,0.00497773,123.775
8000.0,0.0,0.1524,39.6,0.00193287,120.553
500.0,7.3,0.2286,55.5,0.0111706,133.174
630.0,5.4,0.1524,39.6,0.00485029,132.357
3150.0,6.7,0.1016,71.3,0.00478288,124.458
1600.0,0.0,0.1016,39.6,0.00146332,133.261
630.0,9.5,0.0254,71.3,0.00420654,125.726
2500.0,22.2,0.0254,39.6,0.0229028,121.306
500.0,9.5,0.0254,39.6,0.00449821,123.894
3150.0,5.3,0.2286,39.6,0.00614329,118.441
4000.0,12.3,0.1016,71.3,0.0337792,118.018
3150.0,2.0,0.2286,31.7,0.00372371,121.527
800.0,2.0,0.2286,55.5,0.00313525,128.492
5000.0,0.0,0.2286,39.6,0.00253511,122.175
1000.0,7.3,0.2286,39.6,0.0123481,122.539
630.0,12.3,0.1016,55.5,0.0368233,124.244
8000.0,4.0,0.2286,39.6,0.00473801,113.129
400.0,12.7,0.0254,71.3,0.0121808,125.048
1250.0,5.4,0.1524,71.3,0.00401199,134.111
2000.0,7.3,0.2286,55.5,0.0111706,120.354
3150.0,15.6,0.1016,39.6,0.0528487,109.254
4000.0,8.4,0.0508,39.6,0.00566229,118.955
400.0,0.0,0.2286,55.5,0.00229336,121.66
4000.0,0.0,0.2286,31.7,0.0027238,122.035
8000.0,3.3,0.1016,71.3,0.00202822,121.234
1250.0,3.0,0.3048,39.6,0.00495741,125.802
500.0,5.4,0.1524,39.6,0.00485029,129.937
4000.0,4.0,0.2286,71.3,0.00400603,121.728
2000.0,17.4,0.0254,31.7,0.0176631,124.356
1000.0,0.0,0.1016,31.7,0.00150092,131.313
2500.0,0.0,0.1524,55.5,0.00172668,127.763
630.0,12.7,0.0254,71.3,0.0121808,128.878
6300.0,12.7,0.0254,71.3,0.0121808,125.398
630.0,9.9,0.1524,55.5,0.0208438,127.315
5000.0,5.3,0.2286,71.3,0.0051942,118.05
1000.0,5.3,0.2286,39.6,0.00614329,125.581
8000.0,0.0,0.0508,71.3,0.000740478,130.89
1250.0,15.4,0.0508,55.5,0.0271925,130.0
1000.0,7.3,0.2286,71.3,0.0104404,126.838
800.0,0.0,0.1524,71.3,0.0015988,125.817
630.0,8.4,0.0508,39.6,0.00566229,126.045
1250.0,0.0,0.0508,39.6,0.000791822,129.148
2500.0,4.2,0.0508,71.3,0.00142788,131.978
500.0,0.0,0.1524,39.6,0.00193287,119.513
800.0,12.3,0.1016,39.6,0.0408268,122.315
800.0,3.0,0.3048,39.6,0.00495741,129.552
250.0,17.4,0.0254,31.7,0.0176631,116.956
4000.0,9.9,0.1524,71.3,0.0193001,115.079
400.0,4.0,0.2286,39.6,0.00473801,123.879
1600.0,5.4,0.1524,55.5,0.00433288,130.567
315.0,0.0,0.2286,31.7,0.0027238,120.595
400.0,2.0,0.2286,55.5,0.00313525,122.292
1600.0,17.4,0.0254,71.3,0.016104,126.406
5000.0,7.3,0.2286,39.6,0.0123481,111.959
630.0,22.2,0.0254,39.6,0.0229028,137.026
1250.0,9.9,0.1524,31.7,0.0252785,118.619
4000.0,5.4,0.1524,31.7,0.00525474,116.181
2000.0,9.5,0.0254,55.5,0.0043284,134.052
1600.0,4.2,0.0508,39.6,0.00152689,130.197
2000.0,9.5,0.0254,39.6,0.00449821,131.274
12500.0,1.5,0.3048,71.3,0.00336729,109.222
1250.0,4.0,0.3048,39.6,0.00579636,126.343
8000.0,4.0,0.2286,71.3,0.00400603,112.848
630.0,4.8,0.0254,31.7,0.000930789,120.078
4000.0,5.4,0.1524,71.3,0.00401199,121.431
400.0,4.0,0.3048,39.6,0.00579636,128.633
800.0,17.4,0.0254,39.6,0.0172206,135.324
2000.0,9.9,0.1524,39.6,0.0233328,117.925
315.0,17.4,0.0254,55.5,0.0165706,111.911
1000.0,12.6,0.1524,39.6,0.0584113,114.67
800.0,4.0,0.2286,39.6,0.00473801,130.469
500.0,2.7,0.1524,39.6,0.00294804,121.009
400.0,15.6,0.1016,39.6,0.0528487,120.484
3150.0,15.4,0.0508,71.3,0.0264269,125.715
5000.0,22.2,0.0254,39.6,0.0229028,118.816
16000.0,0.0,0.1524,55.5,0.00172668,112.803
630.0,4.0,0.2286,39.6,0.00473801,129.579
200.0,12.6,0.1524,71.3,0.0483159,128.354
1250.0,17.4,0.0254,71.3,0.016104,126.356
400.0,7.2,0.1524,71.3,0.00752039,130.123
1250.0,6.7,0.1016,39.6,0.00578076,132.395
5000.0,15.6,0.1016,39.6,0.0528487,106.224
8000.0,4.8,0.0254,31.7,0.000930789,127.008
6300.0,3.0,0.3048,55.5,0.00452492,115.679
12500.0,2.7,0.1524,71.3,0.00243851,113.034
1600.0,4.8,0.0254,39.6,0.000907475,125.966
4000.0,12.6,0.1524,71.3,0.0483159,108.034
200.0,7.3,0.2286,39.6,0.0123481,130.989
800.0,0.0,0.3048,55.5,0.00283081,128.086
1000.0,9.9,0.1524,71.3,0.0193001,126.349
16000.0,4.0,0.2286,71.3,0.00400603,112.768
250.0,12.6,0.1524,39.6,0.0584113,115.89
4000.0,4.0,0.2286,39.6,0.00473801,119.159
200.0,17.4,0.0254,55.5,0.0165706,109.951
500.0,0.0,0.2286,55.5,0.00229336,123.78
3150.0,9.5,0.0254,31.7,0.00461377,128.536
2500.0,0.0,0.1016,71.3,0.00121072,132.595
200.0,15.4,0.0508,71.3,0.0264269,123.595
400.0,0.0,0.2286,39.6,0.00253511,123.565
2000.0,0.0,0.0508,31.7,0.000812164,133.01
500.0,9.9,0.1524,31.7,0.0252785,127.179
5000.0,0.0,0.3048,55.5,0.00283081,119.606
500.0,8.4,0.0508,39.6,0.00566229,122.905
2000.0,0.0,0.3048,55.5,0.00283081,126.616
3150.0,7.3,0.2286,39.6,0.0123481,114.309
2500.0,7.2,0.1524,39.6,0.00909175,117.478
800.0,17.4,0.0254,31.7,0.0176631,139.226
12500.0,4.0,0.2286,71.3,0.00400603,114.258
200.0,11.2,0.0508,39.6,0.0150478,125.01
1600.0,8.9,0.1016,39.6,0.0124596,123.82
2500.0,8.9,0.1016,39.6,0.0124596,119.19
6300.0,8.9,0.1016,71.3,0.0103088,117.253
1250.0,7.2,0.1524,71.3,0.00752039,132.513
12500.0,0.0,0.0254,39.6,0.000428464,129.116
6300.0,0.0,0.1016,55.5,0.00131983,127.73
500.0,15.4,0.0508,71.3,0.0264269,127.285
630.0,12.6,0.1524,39.6,0.0584113,116.55
800.0,9.9,0.1524,39.6,0.0233328,126.345
250.0,12.7,0.0254,39.6,0.0130253,121.547
3150.0,0.0,0.3048,39.6,0.00310138,120.319
3150.0,2.0,0.2286,39.6,0.00346574,121.627
4000.0,0.0,0.0508,31.7,0.000812164,134.11
315.0,22.2,0.0254,71.3,0.0214178,115.857
3150.0,22.2,0.0254,39.6,0.0229028,120.856
400.0,15.4,0.0508,31.7,0.0289853,123.705
250.0,12.3,0.1016,55.5,0.0368233,133.294
6300.0,7.3,0.2286,71.3,0.0104404,115.818
630.0,7.3,0.2286,55.5,0.0111706,130.934
630.0,8.9,0.1016,71.3,0.0103088,138.423
5000.0,0.0,0.0508,39.6,0.000791822,134.308
1000.0,5.3,0.2286,71.3,0.0051942,134.0
3150.0,4.2,0.0508,39.6,0.00152689,133.587
2000.0,0.0,0.3048,39.6,0.00310138,123.689
2000.0,3.3,0.1016,39.6,0.00245138,132.301
1250.0,19.7,0.0508,39.6,0.036484,118.634
4000.0,12.3,0.1016,55.5,0.0368233,114.404
4000.0,0.0,0.3048,55.5,0.00283081,121.106
2500.0,0.0,0.2286,31.7,0.0027238,123.445
2000.0,8.9,0.1016,39.6,0.0124596,119.04
500.0,17.4,0.0254,39.6,0.0172206,117.514
2000.0,7.3,0.2286,39.6,0.0123481,117.809
8000.0,12.7,0.0254,39.6,0.0130253,120.607
630.0,17.4,0.0254,55.5,0.0165706,122.411
1250.0,15.6,0.1016,39.6,0.0528487,118.214
1250.0,0.0,0.0254,31.7,0.000439472,127.947
4000.0,3.0,0.3048,55.5,0.00452492,118.689
6300.0,12.7,0.0254,39.6,0.0130253,123.177
2000.0,5.3,0.2286,39.6,0.00614329,117.911
1600.0,7.3,0.2286,55.5,0.0111706,123.354
8000.0,3.3,0.1016,31.7,0.00251435,117.432
5000.0,2.7,0.1524,39.6,0.00294804,121.499
500.0,5.3,0.2286,39.6,0.00614329,132.251
5000.0,2.0,0.2286,39.6,0.00346574,118.827
2000.0,9.9,0.1524,55.5,0.0208438,119.505
1250.0,12.6,0.1524,71.3,0.0483159,120.154
3150.0,0.0,0.0508,55.5,0.00076193,134.826
500.0,12.3,0.1016,71.3,0.0337792,140.158
500.0,12.3,0.1016,55.5,0.0368233,133.774
630.0,9.5,0.0254,55.5,0.0043284,125.452
8000.0,3.3,0.1016,39.6,0.00245138,118.091
3150.0,1.5,0.3048,39.6,0.00392107,119.111
315.0,11.2,0.0508,39.6,0.0150478,128.99
2000.0,9.5,0.0254,31.7,0.00461377,130.496
400.0,15.4,0.0508,71.3,0.0264269,126.805
400.0,0.0,0.2286,31.7,0.0027238,123.635
630.0,8.4,0.0508,55.5,0.00544854,126.152
315.0,7.3,0.2286,39.6,0.0123481,132.149
8000.0,4.8,0.0254,55.5,0.000873218,132.184
5000.0,7.3,0.2286,71.3,0.0104404,115.298
1600.0,7.2,0.1524,39.6,0.00909175,120.058
1600.0,0.0,0.1524,55.5,0.00172668,130.183
1600.0,15.4,0.0508,55.5,0.0271925,128.2
2000.0,2.0,0.2286,39.6,0.00346574,122.797
4000.0,8.4,0.0508,71.3,0.00529514,126.926
12500.0,0.0,0.1524,55.5,0.00172668,117.093
500.0,12.6,0.1524,39.6,0.0584113,114.9
400.0,15.4,0.0508,55.5,0.0271925,126.5
10000.0,4.0,0.3048,71.3,0.00497773,110.905
1000.0,8.9,0.1016,39.6,0.0124596,129.58
12500.0,0.0,0.1016,55.5,0.00131983,119.91
1000.0,2.0,0.2286,31.7,0.00372371,130.307
1600.0,0.0,0.3048,39.6,0.00310138,124.049
1600.0,2.7,0.1524,39.6,0.00294804,130.049
6300.0,0.0,0.3048,71.3,0.00266337,119.541
800.0,5.4,0.1524,71.3,0.00401199,131.281
3150.0,0.0,0.0254,55.5,0.00041229,130.503
315.0,1.5,0.3048,39.6,0.00392107,121.851
400.0,5.4,0.1524,55.5,0.00433288,126.807
4000.0,3.0,0.3048,71.3,0.00425727,120.264
315.0,11.2,0.0508,71.3,0.014072,128.381
3150.0,4.8,0.0254,39.6,0.000907475,133.436
12500.0,2.7,0.1524,39.6,0.00294804,108.649
6300.0,4.2,0.0508,71.3,0.00142788,129.308
200.0,9.9,0.1524,55.5,0.0208438,131.955
2000.0,22.2,0.0254,39.6,0.0229028,121.256
4000.0,19.7,0.0508,39.6,0.036484,108.684
1600.0,0.0,0.1016,71.3,0.00121072,131.725
500.0,9.5,0.0254,55.5,0.0043284,123.082
800.0,7.2,0.1524,71.3,0.00752039,136.023
3150.0,2.0,0.2286,71.3,0.00293031,126.116
5000.0,12.7,0.0254,39.6,0.0130253,125.107
1600.0,12.3,0.1016,31.7,0.0418756,114.477
800.0,5.4,0.1524,39.6,0.00485029,132.757
4000.0,7.3,0.2286,71.3,0.0104404,119.208
1000.0,12.3,0.1016,31.7,0.0418756,119.777
250.0,9.9,0.1524,71.3,0.0193001,135.329
2500.0,17.4,0.0254,71.3,0.016104,126.746
6300.0,2.0,0.2286,31.7,0.00372371,115.137
8000.0,3.0,0.3048,55.5,0.00452492,113.799
1000.0,0.0,0.2286,39.6,0.00253511,130.435
800.0,22.2,0.0254,71.3,0.0214178,123.227
1600.0,8.4,0.0508,31.7,0.00580776,129.296
3150.0,9.5,0.0254,71.3,0.00420654,136.166
6300.0,4.8,0.0254,71.3,0.000848633,134.498
2500.0,11.2,0.0508,71.3,0.014072,130.541
800.0,5.4,0.1524,31.7,0.00525474,131.491
500.0,9.9,0.1524,55.5,0.0208438,127.815
315.0,15.4,0.0508,55.5,0.0271925,125.39
1250.0,4.0,0.3048,71.3,0.00497773,129.395
10000.0,1.5,0.3048,39.6,0.00392107,108.991
400.0,22.2,0.0254,39.6,0.0229028,123.416
16000.0,0.0,0.0254,55.5,0.00041229,125.683
630.0,4.0,0.2286,71.3,0.00400603,129.038
2500.0,2.7,0.1524,71.3,0.00243851,128.334
6300.0,8.9,0.1016,39.6,0.0124596,113.11
1600.0,9.5,0.0254,71.3,0.00420654,133.756
2500.0,0.0,0.0254,71.3,0.000400682,133.707
16000.0,0.0,0.0254,71.3,0.000400682,130.477
2000.0,4.0,0.2286,55.5,0.0042862,124.254
1000.0,8.4,0.0508,39.6,0.00566229,130.195
2000.0,0.0,0.2286,31.7,0.0027238,123.455
800.0,0.0,0.0508,39.6,0.000791822,126.508
8000.0,2.7,0.1524,39.6,0.00294804,116.659
315.0,3.0,0.3048,31.7,0.00529514,123.118
10000.0,0.0,0.3048,71.3,0.00266337,115.391
3150.0,4.2,0.0508,71.3,0.00142788,133.728
5000.0,8.9,0.1016,39.6,0.0124596,113.08
2500.0,7.3,0.2286,39.6,0.0123481,116.559
1600.0,0.0,0.1524,71.3,0.0015988,129.667
4000.0,0.0,0.1016,71.3,0.00121072,130.935
4000.0,12.3,0.1016,39.6,0.0408268,110.905
1250.0,17.4,0.0254,31.7,0.0176631,128.306
1600.0,0.0,0.0508,39.6,0.000791822,130.908
800.0,0.0,0.2286,39.6,0.00253511,130.205
1250.0,11.2,0.0508,39.6,0.0150478,130.05
4000.0,22.2,0.0254,39.6,0.0229028,119.646
1600.0,8.4,0.0508,71.3,0.00529514,133.846
400.0,17.4,0.0254,71.3,0.016104,117.396
12500.0,4.8,0.0254,71.3,0.000848633,127.688
800.0,0.0,0.0508,31.7,0.000812164,122.79
315.0,12.6,0.1524,39.6,0.0584113,116.02
800.0,8.4,0.0508,39.6,0.00566229,128.435
2500.0,0.0,0.1524,71.3,0.0015988,128.127
8000.0,4.2,0.0508,71.3,0.00142788,125.268
6300.0,4.8,0.0254,55.5,0.000873218,135.164
800.0,4.8,0.0254,39.6,0.000907475,120.766
6300.0,12.6,0.1524,71.3,0.0483159,107.284
5000.0,7.2,0.1524,39.6,0.00909175,113.288
4000.0,15.4,0.0508,31.7,0.0289853,115.635
4000.0,15.6,0.1016,71.3,0.0437259,113.298
2000.0,0.0,0.1524,31.7,0.00209405,128.907
5000.0,3.0,0.3048,31.7,0.00529514,113.858
1000.0,19.7,0.0508,39.6,0.036484,118.904
1000.0,0.0,0.1016,71.3,0.00121072,128.825
315.0,17.4,0.0254,39.6,0.0172206,115.144
5000.0,12.7,0.0254,71.3,0.0121808,128.978
1600.0,2.0,0.2286,31.7,0.00372371,125.797
1250.0,0.0,0.1016,55.5,0.00131983,131.43
500.0,6.7,0.1016,55.5,0.0052139,129.343
800.0,9.9,0.1524,55.5,0.0208438,126.565
8000.0,0.0,0.3048,31.7,0.00331266,110.515
2500.0,4.2,0.0508,39.6,0.00152689,133.847
1600.0,3.0,0.3048,31.7,0.00529514,122.088
2000.0,8.4,0.0508,55.5,0.00544854,133.042
2500.0,2.7,0.1524,39.6,0.00294804,125.589
800.0,2.0,0.2286,71.3,0.00293031,128.216
4000.0,0.0,0.1524,39.6,0.00193287,125.343
8000.0,17.4,0.0254,71.3,0.016104,115.466
5000.0,12.3,0.1016,71.3,0.0337792,116.108
2000.0,11.2,0.0508,71.3,0.014072,133.311
630.0,3.0,0.3048,39.6,0.00495741,129.292
1250.0,9.9,0.1524,55.5,0.0208438,121.635
6300.0,4.0,0.2286,71.3,0.00400603,118.618
630.0,9.5,0.0254,31.7,0.00461377,129.006
2500.0,9.5,0.0254,55.5,0.0043284,134.152
5000.0,3.3,0.1016,55.5,0.002211,124.839
5000.0,4.0,0.2286,71.3,0.00400603,121.118
6300.0,2.7,0.1524,71.3,0.00243851,121.944
400.0,8.9,0.1016,71.3,0.0103088,138.123
2500.0,2.0,0.2286,55.5,0.00313525,123.862
1250.0,5.4,0.1524,55.5,0.00433288,130.777
1600.0,0.0,0.0508,31.7,0.000812164,131.01
6300.0,0.0,0.0508,31.7,0.000812164,130.34
2000.0,1.5,0.3048,71.3,0.00336729,126.642
1600.0,11.2,0.0508,39.6,0.0150478,126.54
800.0,17.4,0.0254,71.3,0.016104,124.276
2500.0,9.5,0.0254,31.7,0.00461377,130.086
10000.0,0.0,0.3048,55.5,0.00283081,113.076
500.0,5.4,0.1524,31.7,0.00525474,129.681
5000.0,0.0,0.1016,55.5,0.00131983,128.36
315.0,15.4,0.0508,71.3,0.0264269,126.195
3150.0,0.0,0.1016,55.5,0.00131983,131.78
5000.0,0.0,0.1524,71.3,0.0015988,126.457
16000.0,4.8,0.0254,71.3,0.000848633,124.208
5000.0,17.4,0.0254,31.7,0.0176631,117.996
2500.0,17.4,0.0254,55.5,0.0165706,124.931
1000.0,0.0,0.3048,31.7,0.00331266,127.365
2000.0,0.0,0.0508,71.3,0.000740478,131.06
200.0,12.3,0.1016,39.6,0.0408268,128.545
630.0,4.0,0.3048,71.3,0.00497773,131.615
800.0,6.7,0.1016,39.6,0.00578076,134.625
500.0,2.0,0.2286,71.3,0.00293031,126.486
400.0,0.0,0.3048,31.7,0.00331266,125.045
2500.0,12.6,0.1524,71.3,0.0483159,115.234
400.0,7.2,0.1524,39.6,0.00909175,132.118
3150.0,19.7,0.0508,39.6,0.036484,113.004
400.0,3.0,0.3048,39.6,0.00495741,125.472
1600.0,0.0,0.1016,55.5,0.00131983,132.05
1000.0,0.0,0.1524,71.3,0.0015988,127.307
1250.0,9.5,0.0254,55.5,0.0043284,132.202
2500.0,12.7,0.0254,71.3,0.0121808,134.058
1250.0,3.0,0.3048,31.7,0.00529514,124.838
6300.0,9.9,0.1524,39.6,0.0233328,109.885
1600.0,12.7,0.0254,39.6,0.0130253,129.977
5000.0,4.8,0.0254,39.6,0.000907475,135.426
5000.0,12.3,0.1016,31.7,0.0418756,107.147
400.0,1.5,0.3048,39.6,0.00392107,124.001
250.0,12.3,0.1016,39.6,0.0408268,129.675
1600.0,0.0,0.3048,31.7,0.00331266,122.365
6300.0,0.0,0.3048,39.6,0.00310138,116.229
1000.0,7.2,0.1524,39.6,0.00909175,128.338
1600.0,5.4,0.1524,71.3,0.00401199,133.241
1600.0,15.6,0.1016,39.6,0.0528487,114.554
4000.0,0.0,0.0508,55.5,0.00076193,134.946
630.0,0.0,0.1016,71.3,0.00121072,124.155
315.0,9.9,0.1524,71.3,0.0193001,135.459
2500.0,4.0,0.3048,39.6,0.00579636,120.233
500.0,6.7,0.1016,31.7,0.00592927,130.206
800.0,2.0,0.2286,31.7,0.00372371,130.307
200.0,7.3,0.2286,71.3,0.0104404,138.758
630.0,2.0,0.2286,55.5,0.00313525,126.842
315.0,8.9,0.1016,71.3,0.0103088,136.583
3150.0,8.4,0.0508,39.6,0.00566229,123.965
1250.0,0.0,0.2286,55.5,0.00229336,127.91
1000.0,0.0,0.1016,39.6,0.00146332,130.781
5000.0,0.0,0.0254,55.5,0.00041229,135.803
800.0,3.3,0.1016,39.6,0.00245138,129.991
5000.0,4.2,0.0508,71.3,0.00142788,132.828
1250.0,17.4,0.0254,55.5,0.0165706,129.301
1250.0,12.3,0.1016,71.3,0.0337792,126.648
2500.0,5.4,0.1524,55.5,0.00433288,124.077
1000.0,3.0,0.3048,71.3,0.00425727,129.004
4000.0,1.5,0.3048,71.3,0.00336729,121.762
400.0,7.3,0.2286,31.7,0.0132672,130.269
5000.0,12.6,0.1524,39.6,0.0584113,104.13
200.0,19.7,0.0508,71.3,0.0341183,118.005
1600.0,19.7,0.0508,39.6,0.036484,117.604
6300.0,2.0,0.2286,71.3,0.00293031,120.786
1600.0,2.7,0.1524,71.3,0.00243851,130.644
800.0,3.3,0.1016,55.5,0.002211,129.119
8000.0,0.0,0.0254,71.3,0.000400682,129.867
315.0,7.2,0.1524,71.3,0.00752039,128.713
630.0,6.7,0.1016,71.3,0.00478288,131.448
5000.0,5.4,0.1524,71.3,0.00401199,120.061
6300.0,12.3,0.1016,31.7,0.0418756,107.267
400.0,5.4,0.1524,39.6,0.00485029,127.637
3150.0,3.0,0.3048,39.6,0.00495741,118.922
5000.0,4.0,0.2286,55.5,0.0042862,120.034
3150.0,4.0,0.2286,39.6,0.00473801,120.419
2000.0,0.0,0.1524,55.5,0.00172668,129.673
800.0,12.6,0.1524,71.3,0.0483159,123.054
4000.0,0.0,0.1016,31.7,0.00150092,126.933
4000.0,7.2,0.1524,71.3,0.00752039,119.343
12500.0,4.8,0.0254,55.5,0.000873218,125.094
315.0,12.6,0.1524,71.3,0.0483159,128.484
315.0,3.0,0.3048,39.6,0.00495741,123.312
4000.0,2.0,0.2286,71.3,0.00293031,124.086
1250.0,0.0,0.0508,31.7,0.000812164,129.27
630.0,6.7,0.1016,39.6,0.00578076,133.355
12500.0,1.5,0.3048,39.6,0.00392107,106.111
10000.0,7.2,0.1524,39.6,0.00909175,110.868
2000.0,12.3,0.1016,39.6,0.0408268,114.085
800.0,5.3,0.2286,71.3,0.0051942,133.48
4000.0,17.4,0.0254,71.3,0.016104,125.586
1600.0,0.0,0.2286,55.5,0.00229336,126.79
2500.0,1.5,0.3048,39.6,0.00392107,120.981
1600.0,8.4,0.0508,55.5,0.00544854,133.032
6300.0,0.0,0.0254,55.5,0.00041229,136.103
630.0,4.0,0.2286,55.5,0.0042862,129.964
1000.0,8.4,0.0508,55.5,0.00544854,130.722
1000.0,15.4,0.0508,71.3,0.0264269,131.865
5000.0,17.4,0.0254,55.5,0.0165706,118.941
6300.0,7.3,0.2286,39.6,0.0123481,110.839
800.0,3.0,0.3048,31.7,0.00529514,128.708
8000.0,0.0,0.3048,39.6,0.00310138,114.779
5000.0,12.3,0.1016,55.5,0.0368233,112.014
3150.0,12.3,0.1016,39.6,0.0408268,113.055
4000.0,15.4,0.0508,55.5,0.0271925,120.92
1250.0,0.0,0.1016,71.3,0.00121072,130.335
630.0,11.2,0.0508,39.6,0.0150478,133.13
200.0,9.9,0.1524,31.7,0.0252785,127.299
2000.0,2.7,0.1524,39.6,0.00294804,128.139
1250.0,12.6,0.1524,39.6,0.0584113,112.16
250.0,7.2,0.1524,39.6,0.00909175,127.488
2000.0,0.0,0.0508,55.5,0.00076193,131.456
4000.0,9.5,0.0254,31.7,0.00461377,126.736
630.0,9.9,0.1524,71.3,0.0193001,129.889
5000.0,9.5,0.0254,31.7,0.00461377,124.426
500.0,4.0,0.2286,55.5,0.0042862,127.314
500.0,15.4,0.0508,39.6,0.0282593,125.963
400.0,5.3,0.2286,39.6,0.00614329,131.221
1600.0,9.9,0.1524,39.6,0.0233328,118.545
4000.0,9.5,0.0254,39.6,0.00449821,127.864
2500.0,17.4,0.0254,31.7,0.0176631,124.166
2500.0,9.9,0.1524,39.6,0.0233328,116.295
315.0,2.0,0.2286,39.6,0.00346574,120.137
1000.0,7.2,0.1524,71.3,0.00752039,134.273
1600.0,8.9,0.1016,71.3,0.0103088,128.763
630.0,3.3,0.1016,55.5,0.002211,126.599
200.0,9.5,0.0254,31.7,0.00461377,119.146
400.0,17.4,0.0254,31.7,0.0176631,120.766
1250.0,8.4,0.0508,31.7,0.00580776,130.156
1000.0,0.0,0.3048,55.5,0.00283081,126.966
200.0,0.0,0.3048,39.6,0.00310138,118.129
3150.0,2.7,0.1524,39.6,0.00294804,122.919
3150.0,3.0,0.3048,55.5,0.00452492,120.189
1000.0,17.4,0.0254,71.3,0.016104,125.816
6300.0,1.5,0.3048,39.6,0.00392107,114.751
3150.0,3.0,0.3048,31.7,0.00529514,118.108
250.0,15.4,0.0508,39.6,0.0282593,122.893
3150.0,4.0,0.3048,39.6,0.00579636,118.743
1250.0,3.3,0.1016,71.3,0.00202822,132.304
6300.0,9.9,0.1524,31.7,0.0252785,108.689
3150.0,4.8,0.0254,31.7,0.000930789,134.268
3150.0,0.0,0.2286,39.6,0.00253511,124.625
1250.0,0.0,0.2286,39.6,0.00253511,129.395
4000.0,17.4,0.0254,55.5,0.0165706,121.771
500.0,7.3,0.2286,39.6,0.0123481,130.299
1000.0,17.4,0.0254,55.5,0.0165706,126.001
400.0,12.3,0.1016,71.3,0.0337792,139.428
3150.0,2.7,0.1524,71.3,0.00243851,127.054
2000.0,12.3,0.1016,55.5,0.0368233,118.564
1250.0,8.4,0.0508,71.3,0.00529514,132.086
6300.0,0.0,0.3048,55.5,0.00283081,117.976
2500.0,0.0,0.1524,39.6,0.00193287,126.863
4000.0,0.0,0.3048,39.6,0.00310138,119.229
2000.0,7.2,0.1524,71.3,0.00752039,128.643
250.0,5.3,0.2286,39.6,0.00614329,127.011
1250.0,12.3,0.1016,39.6,0.0408268,121.165
400.0,12.3,0.1016,39.6,0.0408268,128.265
1250.0,0.0,0.0508,55.5,0.00076193,127.076
630.0,17.4,0.0254,31.7,0.0176631,136.886
2500.0,4.0,0.2286,39.6,0.00473801,119.649
2500.0,0.0,0.3048,31.7,0.00331266,120.755
6300.0,17.4,0.0254,55.5,0.0165706,114.861
800.0,15.6,0.1016,39.6,0.0528487,118.964
800.0,15.4,0.0508,39.6,0.0282593,128.423
630.0,15.6,0.1016,71.3,0.0437259,122.288
800.0,2.7,0.1524,71.3,0.00243851,127.394
5000.0,0.0,0.3048,31.7,0.00331266,115.645
10000.0,0.0,0.1016,31.7,0.00150092,115.893
1250.0,2.7,0.1524,71.3,0.00243851,130.144
250.0,9.5,0.0254,31.7,0.00461377,120.136
500.0,2.0,0.2286,55.5,0.00313525,124.692
400.0,8.4,0.0508,55.5,0.00544854,121.582
6300.0,7.3,0.2286,31.7,0.0132672,110.689
1600.0,0.0,0.2286,71.3,0.00214345,129.134
1600.0,15.4,0.0508,39.6,0.0282593,124.843
2000.0,19.7,0.0508,71.3,0.0341183,120.055
10000.0,3.3,0.1016,39.6,0.00245138,115.321
500.0,12.7,0.0254,39.6,0.0130253,127.127
5000.0,12.3,0.1016,39.6,0.0408268,108.625
1000.0,4.0,0.2286,39.6,0.00473801,129.969
1250.0,1.5,0.3048,71.3,0.00336729,125.872
4000.0,0.0,0.1016,39.6,0.00146332,127.801
4000.0,17.4,0.0254,31.7,0.0176631,121.996
1600.0,0.0,0.1524,31.7,0.00209405,130.817
1250.0,1.5,0.3048,39.6,0.00392107,125.211
4000.0,0.0,0.0254,31.7,0.000439472,137.047
400.0,12.3,0.1016,31.7,0.0418756,123.207
2000.0,8.4,0.0508,71.3,0.00529514,134.476
6300.0,9.9,0.1524,55.5,0.0208438,110.555
500.0,9.5,0.0254,31.7,0.00461377,126.886
630.0,3.3,0.1016,39.6,0.00245138,127.251
12500.0,0.0,0.0508,39.6,0.000791822,123.988
800.0,9.5,0.0254,71.3,0.00420654,127.206
2000.0,0.0,0.1016,71.3,0.00121072,132.095
500.0,4.0,0.2286,31.7,0.00509068,128.939
3150.0,8.4,0.0508,71.3,0.00529514,131.966
1000.0,19.7,0.0508,71.3,0.0341183,121.885
630.0,8.4,0.0508,31.7,0.00580776,125.856
4000.0,2.7,0.1524,71.3,0.00243851,126.534
3150.0,0.0,0.2286,71.3,0.00214345,127.834
1600.0,0.0,0.0508,71.3,0.000740478,129.68
2000.0,4.0,0.2286,71.3,0.00400603,126.218
3150.0,3.3,0.1016,39.6,0.00245138,128.401
5000.0,9.9,0.1524,71.3,0.0193001,114.569
1000.0,22.2,0.0254,71.3,0.0214178,134.247
250.0,12.7,0.0254,71.3,0.0121808,119.698
630.0,12.7,0.0254,39.6,0.0130253,128.867
10000.0,0.0,0.0508,71.3,0.000740478,128.74
2000.0,3.3,0.1016,55.5,0.002211,133.649
6300.0,0.0,0.2286,55.5,0.00229336,118.41
6300.0,0.0,0.0508,39.6,0.000791822,131.918
1250.0,7.3,0.2286,71.3,0.0104404,127.358
4000.0,5.3,0.2286,39.6,0.00614329,115.801
8000.0,2.7,0.1524,71.3,0.00243851,120.534
400.0,17.4,0.0254,39.6,0.0172206,115.444
4000.0,8.4,0.0508,31.7,0.00580776,118.106
10000.0,0.0,0.0508,55.5,0.00076193,127.636
8000.0,3.0,0.3048,39.6,0.00495741,110.652
2500.0,3.0,0.3048,71.3,0.00425727,124.024
1600.0,9.5,0.0254,31.7,0.00461377,131.036
250.0,12.3,0.1016,71.3,0.0337792,131.568
800.0,19.7,0.0508,71.3,0.0341183,124.555
400.0,12.7,0.0254,39.6,0.0130253,125.527
200.0,12.3,0.1016,71.3,0.0337792,130.588
3150.0,12.6,0.1524,71.3,0.0483159,113.334
2000.0,3.0,0.3048,71.3,0.00425727,125.524
3150.0,3.3,0.1016,55.5,0.002211,130.629
4000.0,15.4,0.0508,71.3,0.0264269,122.675
8000.0,4.2,0.0508,39.6,0.00152689,120.397
2000.0,8.4,0.0508,39.6,0.00566229,129.965
400.0,3.0,0.3048,31.7,0.00529514,125.398
1000.0,9.5,0.0254,55.5,0.0043284,130.332
800.0,0.0,0.0508,55.5,0.00076193,124.336
1000.0,2.7,0.1524,39.6,0.00294804,130.589
3150.0,12.3,0.1016,31.7,0.0418756,110.307
630.0,15.4,0.0508,71.3,0.0264269,129.645
1250.0,7.3,0.2286,55.5,0.0111706,125.724
4000.0,7.3,0.2286,31.7,0.0132672,112.639
5000.0,3.0,0.3048,55.5,0.00452492,117.309
200.0,15.6,0.1016,71.3,0.0437259,130.898
2000.0,4.2,0.0508,71.3,0.00142788,129.848
200.0,12.3,0.1016,55.5,0.0368233,132.304
500.0,4.8,0.0254,31.7,0.000930789,116.128
1600.0,2.0,0.2286,55.5,0.00313525,126.752
5000.0,9.5,0.0254,55.5,0.0043284,128.412
1600.0,3.0,0.3048,55.5,0.00452492,124.439
1250.0,12.7,0.0254,39.6,0.0130253,130.777
500.0,4.0,0.2286,39.6,0.00473801,127.039
8000.0,3.3,0.1016,55.5,0.002211,120.569
630.0,22.2,0.0254,71.3,0.0214178,120.657
5000.0,4.0,0.2286,31.7,0.00509068,115.969
1250.0,0.0,0.1016,31.7,0.00150092,133.063
2500.0,3.0,0.3048,39.6,0.00495741,120.162
2500.0,12.3,0.1016,71.3,0.0337792,121.318
4000.0,0.0,0.1524,71.3,0.0015988,128.857
1000.0,5.4,0.1524,39.6,0.00485029,130.507
250.0,15.4,0.0508,31.7,0.0289853,121.225
315.0,4.0,0.3048,71.3,0.00497773,128.175
800.0,0.0,0.1524,31.7,0.00209405,129.117
2500.0,5.4,0.1524,31.7,0.00525474,119.151
200.0,9.9,0.1524,71.3,0.0193001,134.319
20000.0,0.0,0.0254,71.3,0.000400682,123.217
200.0,15.4,0.0508,31.7,0.0289853,119.975
500.0,17.4,0.0254,31.7,0.0176631,127.676
630.0,5.3,0.2286,71.3,0.0051942,131.8
1250.0,0.0,0.3048,71.3,0.00266337,125.951
1000.0,12.3,0.1016,55.5,0.0368233,125.484
2000.0,0.0,0.0254,31.7,0.000439472,130.697
2000.0,6.7,0.1016,55.5,0.0052139,129.653
1000.0,2.0,0.2286,71.3,0.00293031,128.956
2000.0,0.0,0.2286,39.6,0.00253511,125.305
5000.0,0.0,0.2286,71.3,0.00214345,124.304
630.0,4.0,0.3048,39.6,0.00579636,131.073
6300.0,3.0,0.3048,31.7,0.00529514,109.718
315.0,0.0,0.3048,39.6,0.00310138,122.779
1000.0,12.6,0.1524,71.3,0.0483159,122.044
3150.0,0.0,0.0508,31.7,0.000812164,135.49
2500.0,9.5,0.0254,39.6,0.00449821,131.234
630.0,15.4,0.0508,39.6,0.0282593,127.443
1600.0,12.6,0.1524,71.3,0.0483159,120.534
4000.0,3.3,0.1016,31.7,0.00251435,124.852
1250.0,4.0,0.2286,39.6,0.00473801,128.339
4000.0,3.0,0.3048,39.6,0.00495741,116.792
1250.0,9.5,0.0254,31.7,0.00461377,131.446
800.0,8.9,0.1016,39.6,0.0124596,130.94
5000.0,17.4,0.0254,71.3,0.016104,123.126
8000.0,0.0,0.0254,39.6,0.000428464,135.866
1000.0,4.0,0.2286,71.3,0.00400603,131.708
5000.0,5.4,0.1524,39.6,0.00485029,117.037
6300.0,0.0,0.0254,39.6,0.000428464,136.826
2000.0,5.4,0.1524,39.6,0.00485029,124.647
400.0,19.7,0.0508,39.6,0.036484,130.614
3150.0,9.5,0.0254,55.5,0.0043284,133.252
2000.0,15.4,0.0508,31.7,0.0289853,120.835
5000.0,9.9,0.1524,55.5,0.0208438,112.065
2500.0,8.4,0.0508,31.7,0.00580776,125.576
2500.0,17.4,0.0254,39.6,0.0172206,124.154
1000.0,3.3,0.1016,55.5,0.002211,131.129
800.0,12.6,0.1524,39.6,0.0584113,116.56
1250.0,0.0,0.1524,71.3,0.0015988,128.927
250.0,8.9,0.1016,39.6,0.0124596,134.34
3150.0,0.0,0.0254,39.6,0.000428464,133.276
1600.0,9.9,0.1524,31.7,0.0252785,117.119
1000.0,0.0,0.3048,39.6,0.00310138,127.899
1000.0,2.0,0.2286,39.6,0.00346574,129.147
10000.0,2.0,0.2286,71.3,0.00293031,113.086
1000.0,3.0,0.3048,55.5,0.00452492,129.329
400.0,4.0,0.2286,31.7,0.00509068,126.149
8000.0,7.2,0.1524,71.3,0.00752039,113.333
4000.0,2.7,0.1524,39.6,0.00294804,121.889
630.0,0.0,0.3048,31.7,0.00331266,129.095
10000.0,2.7,0.1524,39.6,0.00294804,112.589
1000.0,0.0,0.0508,55.5,0.00076193,125.586
1600.0,7.3,0.2286,71.3,0.0104404,125.728
2500.0,0.0,0.3048,55.5,0.00283081,124.106
8000.0,0.0,0.0254,55.5,0.00041229,136.163
12500.0,0.0,0.0254,55.5,0.00041229,131.453
4000.0,4.8,0.0254,31.7,0.000930789,135.328
3150.0,5.4,0.1524,31.7,0.00525474,118.291
250.0,15.4,0.0508,71.3,0.0264269,124.835
1250.0,22.2,0.0254,39.6,0.0229028,126.446
2000.0,12.6,0.1524,39.6,0.0584113,109.52
2000.0,17.4,0.0254,55.5,0.0165706,125.261
1600.0,0.0,0.0254,31.7,0.000439472,129.267
4000.0,5.4,0.1524,39.6,0.00485029,117.137
500.0,3.0,0.3048,55.5,0.00452492,128.179
2000.0,0.0,0.0508,39.6,0.000791822,132.918
2500.0,22.2,0.0254,71.3,0.0214178,126.097
1000.0,11.2,0.0508,39.6,0.0150478,132.43
800.0,4.0,0.2286,31.7,0.00509068,130.869
1600.0,1.5,0.3048,39.6,0.00392107,122.211
1250.0,4.2,0.0508,39.6,0.00152689,128.427
2000.0,7.3,0.2286,31.7,0.0132672,115.309
2500.0,0.0,0.1524,31.7,0.00209405,125.867
400.0,9.5,0.0254,31.7,0.00461377,124.756
500.0,0.0,0.2286,39.6,0.00253511,126.195
1250.0,2.0,0.2286,55.5,0.00313525,128.762
2000.0,5.3,0.2286,71.3,0.0051942,125.89
315.0,9.9,0.1524,31.7,0.0252785,128.809
4000.0,9.9,0.1524,39.6,0.0233328,112.265
5000.0,4.8,0.0254,55.5,0.000873218,135.484
5000.0,0.0,0.0254,39.6,0.000428464,136.536
630.0,5.3,0.2286,39.6,0.00614329,132.011
630.0,17.4,0.0254,71.3,0.016104,122.606
250.0,9.9,0.1524,31.7,0.0252785,128.559
4000.0,4.2,0.0508,71.3,0.00142788,133.598
800.0,0.0,0.1016,71.3,0.00121072,126.805
250.0,9.9,0.1524,55.5,0.0208438,133.235
2500.0,5.3,0.2286,39.6,0.00614329,116.151
1600.0,7.2,0.1524,71.3,0.00752039,130.893
800.0,12.3,0.1016,71.3,0.0337792,127.318
3150.0,3.3,0.1016,31.7,0.00251435,128.252
800.0,3.0,0.3048,55.5,0.00452492,129.949
16000.0,0.0,0.3048,71.3,0.00266337,108.721
1250.0,12.7,0.0254,71.3,0.0121808,133.048
3150.0,4.0,0.2286,55.5,0.0042862,122.394
250.0,19.7,0.0508,71.3,0.0341183,119.115
200.0,8.9,0.1016,39.6,0.0124596,133.42
3150.0,9.9,0.1524,55.5,0.0208438,115.085
6300.0,12.3,0.1016,39.6,0.0408268,107.985
315.0,12.7,0.0254,39.6,0.0130253,123.537
400.0,8.4,0.0508,39.6,0.00566229,120.015
630.0,2.7,0.1524,39.6,0.00294804,125.809
1600.0,4.8,0.0254,55.5,0.000873218,121.474
6300.0,9.5,0.0254,71.3,0.00420654,127.246
6300.0,15.6,0.1016,39.6,0.0528487,104.204
2000.0,0.0,0.3048,71.3,0.00266337,127.461
630.0,0.0,0.2286,55.5,0.00229336,126.16
315.0,5.3,0.2286,39.6,0.00614329,129.691
200.0,17.4,0.0254,31.7,0.0176631,116.146
2500.0,0.0,0.1016,55.5,0.00131983,133.04
500.0,5.4,0.1524,71.3,0.00401199,126.291
8000.0,1.5,0.3048,39.6,0.00392107,112.251
1000.0,1.5,0.3048,39.6,0.00392107,127.581
5000.0,0.0,0.1524,39.6,0.00193287,123.453
800.0,9.5,0.0254,31.7,0.00461377,130.746
8000.0,0.0,0.1524,31.7,0.00209405,117.957
400.0,2.0,0.2286,31.7,0.00372371,123.417
1000.0,0.0,0.1524,31.7,0.00209405,130.987
2500.0,1.5,0.3048,71.3,0.00336729,124.512
400.0,11.2,0.0508,39.6,0.0150478,130.67
6300.0,0.0,0.0508,55.5,0.00076193,132.796
4000.0,4.8,0.0254,71.3,0.000848633,134.928
800.0,17.4,0.0254,55.5,0.0165706,123.091
500.0,0.0,0.3048,31.7,0.00331266,127.315
4000.0,22.2,0.0254,71.3,0.0214178,123.917
2000.0,6.7,0.1016,31.7,0.00592927,120.446
1250.0,4.0,0.2286,31.7,0.00509068,128.119
315.0,12.3,0.1016,71.3,0.0337792,137.068
1250.0,9.5,0.0254,39.6,0.00449821,130.964
1000.0,6.7,0.1016,39.6,0.00578076,134.515
200.0,15.4,0.0508,55.5,0.0271925,122.94
1000.0,9.5,0.0254,71.3,0.00420654,129.556
250.0,22.2,0.0254,39.6,0.0229028,117.386
16000.0,4.8,0.0254,55.5,0.000873218,124.394
4000.0,9.5,0.0254,71.3,0.00420654,134.236
3150.0,11.2,0.0508,39.6,0.0150478,119.67
630.0,2.0,0.2286,39.6,0.00346574,127.417
2500.0,15.4,0.0508,31.7,0.0289853,119.945
200.0,22.2,0.0254,39.6,0.0229028,116.066
400.0,11.2,0.0508,71.3,0.014072,129.281
800.0,15.4,0.0508,31.7,0.0289853,125.555
5000.0,9.9,0.1524,31.7,0.0252785,109.949
6300.0,4.0,0.2286,39.6,0.00473801,114.249
1600.0,0.0,0.2286,39.6,0.00253511,127.095
8000.0,0.0,0.3048,55.5,0.00283081,116.476
1000.0,15.6,0.1016,39.6,0.0528487,119.224
250.0,11.2,0.0508,71.3,0.014072,127.101
2000.0,4.8,0.0254,55.5,0.000873218,125.054
400.0,9.5,0.0254,39.6,0.00449821,121.154
4000.0,0.0,0.1524,55.5,0.00172668,127.233
2500.0,0.0,0.0508,31.7,0.000812164,134.87
500.0,5.3,0.2286,71.3,0.0051942,129.88
5000.0,9.9,0.1524,39.6,0.0233328,111.135
2000.0,6.7,0.1016,39.6,0.00578076,122.235
2000.0,17.4,0.0254,71.3,0.016104,126.826
8000.0,7.2,0.1524,39.6,0.00909175,111.588
2500.0,12.3,0.1016,31.7,0.0418756,110.317
6300.0,2.7,0.1524,39.6,0.00294804,119.209
10000.0,0.0,0.0254,39.6,0.000428464,133.376
5000.0,7.3,0.2286,55.5,0.0111706,113.144
315.0,22.2,0.0254,39.6,0.0229028,120.716
2500.0,4.0,0.2286,55.5,0.0042862,122.384
1600.0,22.2,0.0254,39.6,0.0229028,122.216
500.0,6.7,0.1016,39.6,0.00578076,130.955
250.0,9.5,0.0254,39.6,0.00449821,116.924
1600.0,6.7,0.1016,71.3,0.00478288,136.678
2000.0,5.4,0.1524,71.3,0.00401199,131.111
2000.0,3.0,0.3048,55.5,0.00452492,123.069
1000.0,0.0,0.3048,71.3,0.00266337,125.201
6300.0,7.2,0.1524,39.6,0.00909175,112.688
5000.0,0.0,0.2286,31.7,0.0027238,120.505
1600.0,7.3,0.2286,39.6,0.0123481,121.059
8000.0,15.4,0.0508,71.3,0.0264269,112.675
500.0,8.4,0.0508,55.5,0.00544854,123.742
6300.0,5.3,0.2286,39.6,0.00614329,112.541
3150.0,7.2,0.1524,71.3,0.00752039,116.783
1600.0,9.9,0.1524,71.3,0.0193001,121.789
4000.0,3.3,0.1016,39.6,0.00245138,124.881
5000.0,12.6,0.1524,71.3,0.0483159,108.034
5000.0,15.4,0.0508,39.6,0.0282593,114.453
2000.0,12.7,0.0254,71.3,0.0121808,134.228
5000.0,0.0,0.1016,31.7,0.00150092,124.393
2500.0,12.3,0.1016,55.5,0.0368233,117.054
3150.0,4.0,0.3048,71.3,0.00497773,121.775
1000.0,15.4,0.0508,31.7,0.0289853,124.525
3150.0,8.4,0.0508,55.5,0.00544854,128.402
6300.0,15.4,0.0508,39.6,0.0282593,109.663
400.0,4.0,0.2286,55.5,0.0042862,123.274
12500.0,0.0,0.0254,71.3,0.000400682,133.207
4000.0,7.3,0.2286,55.5,0.0111706,117.284
2000.0,5.4,0.1524,55.5,0.00433288,128.707
250.0,17.4,0.0254,39.6,0.0172206,114.714
1600.0,4.2,0.0508,71.3,0.00142788,124.318
800.0,0.0,0.1524,55.5,0.00172668,126.713
2000.0,0.0,0.1016,31.7,0.00150092,133.153
1600.0,4.0,0.2286,55.5,0.0042862,128.264
1000.0,4.0,0.3048,71.3,0.00497773,131.015
10000.0,7.2,0.1524,71.3,0.00752039,110.313
2000.0,12.7,0.0254,39.6,0.0130253,129.567
1250.0,2.0,0.2286,39.6,0.00346574,128.257
4000.0,5.3,0.2286,71.3,0.0051942,120.33
400.0,8.4,0.0508,31.7,0.00580776,120.076
800.0,8.4,0.0508,55.5,0.00544854,128.562
1000.0,15.4,0.0508,55.5,0.0271925,130.4
6300.0,15.4,0.0508,31.7,0.0289853,108.185
3150.0,0.0,0.0254,71.3,0.000400682,137.007
1250.0,8.4,0.0508,55.5,0.00544854,132.252
1250.0,12.3,0.1016,55.5,0.0368233,124.214
630.0,1.5,0.3048,39.6,0.00392107,128.311
1600.0,17.4,0.0254,55.5,0.0165706,126.471
800.0,2.7,0.1524,39.6,0.00294804,128.829
630.0,8.9,0.1016,39.6,0.0124596,131.92
4000.0,11.2,0.0508,39.6,0.0150478,115.52
4000.0,3.3,0.1016,71.3,0.00202822,128.704
250.0,9.9,0.1524,39.6,0.0233328,128.335
2500.0,12.3,0.1016,39.6,0.0408268,113.315
8000.0,12.7,0.0254,71.3,0.0121808,120.538
2000.0,8.9,0.1016,71.3,0.0103088,124.233
800.0,6.7,0.1016,71.3,0.00478288,134.478
6300.0,0.0,0.2286,31.7,0.0027238,116.815
400.0,8.9,0.1016,39.6,0.0124596,135.54
10000.0,0.0,0.1016,55.5,0.00131983,121.93
1000.0,22.2,0.0254,39.6,0.0229028,128.416
5000.0,4.0,0.2286,39.6,0.00473801,117.649
12500.0,0.0,0.3048,55.5,0.00283081,111.076
800.0,3.3,0.1016,71.3,0.00202822,131.074
